COLLEGE NAME,INDEX
Massachusetts Institute of Technology (MIT) ,1
Imperial College London,2
University of Oxford,3
Harvard University,4
University of Cambridge,5
Stanford University,6
ETH Zurich - Swiss Federal Institute of Technology,7
National University of Singapore (NUS),8
UCL,9
California Institute of Technology (Caltech),10
University of Pennsylvania,11
"University of California, Berkeley (UCB)",12
The University of Melbourne,13
Peking University,14
"Nanyang Technological University, Singapore (NTU)",15
Cornell University,16
The University of Hong Kong,17
The University of Sydney,18
The University of New South Wales (UNSW Sydney),19
Tsinghua University,20
University of Chicago,21
Princeton University,22
Yale University,23
Université PSL,24
University of Toronto,25
EPFL,26
The University of Edinburgh,27
Technical University of Munich,28
McGill University,29
The Australian National University,30
Seoul National University,31
Johns Hopkins University,32
The University of Tokyo,33
Columbia University,34
The University of Manchester,35
The Chinese University of Hong Kong (CUHK),36
Monash University,37
University of British Columbia,38
Fudan University,39
King's College London,40
The University of Queensland,41
"University of California, Los Angeles (UCLA)",42
New York University (NYU),43
University of Michigan-Ann Arbor,44
Shanghai Jiao Tong University,45
Institut Polytechnique de Paris,46
The Hong Kong University of Science and Technology,47
Zhejiang University,48
Delft University of Technology,49
Kyoto University,50
Northwestern University,51
The London School of Economics and Political Science (LSE),52
KAIST - Korea Advanced Institute of Science & Technology,53
University of Bristol,54
University of Amsterdam,55
Yonsei University,56
The Hong Kong Polytechnic University,57
Carnegie Mellon University,58
Ludwig-Maximilians-Universität München,59
Universiti Malaya (UM),60
Duke University,61
City University of Hong Kong,62
KU Leuven,63
Sorbonne University,64
The University of Auckland,65
University of Texas at Austin,66
Korea University,67
National Taiwan University (NTU),68
The University of Warwick,69
University of Illinois at Urbana-Champaign,70
Universidad de Buenos Aires (UBA),71
"University of California, San Diego (UCSD)",72
Université Paris-Saclay,73
KTH Royal Institute of Technology ,74
Lund University,75
University of Washington,76
The University of Western Australia,77
University of Glasgow,78
Brown University,79
University of Birmingham,80
University of Southampton,81
The University of Adelaide,82
University of Leeds,83
Ruprecht-Karls-Universität Heidelberg,84
Tokyo Institute of Technology (Tokyo Tech),85
Osaka University,86
"Trinity College Dublin, The University of Dublin",87
University of Technology Sydney,88
Durham University,89
Pennsylvania State University,90
Purdue University,91
Universidade de São Paulo,92
Pontificia Universidad Católica de Chile (UC),93
Lomonosov Moscow State University,94
Universidad Nacional Autónoma de México (UNAM),95
University of Alberta,96
Freie Universitaet Berlin,97
Pohang University of Science And Technology (POSTECH),98
RWTH Aachen University,99
University of Copenhagen,100
King Fahd University of Petroleum & Minerals,101
"KIT, Karlsruhe Institute of Technology",102
Uppsala University,103
University of St Andrews,104
The University of Sheffield,105
Utrecht University,106
Tohoku University,107
University of Nottingham,108
Technical University of Denmark,109
University of Zurich,110
Politecnico di Milano,111
Boston University,112
Aalto University,113
Georgia Institute of Technology,114
University of Waterloo,115
University of Wisconsin-Madison,116
University of Helsinki,117
Indian Institute of Technology Bombay (IITB),118
University of Oslo,119
Queen Mary University of London,120
Western University,121
Qatar University,122
RMIT University,123
Sungkyunkwan University(SKKU),124
University of Southern California,125
Humboldt-Universität zu Berlin,126
University College Dublin,127
Stockholm University,128
Newcastle University,129
"University of California, Davis",130
University of Basel,131
Sapienza University of Rome,132
Alma Mater Studiorum - University of Bologna,133
Macquarie University,134
University of Science and Technology of China,135
Eindhoven University of Technology,136
University of Vienna,137
Universiti Kebangsaan Malaysia (UKM),138
Chalmers University of Technology,139
Universidad de Chile,140
Lancaster University,141
Leiden University,142
Rice University,143
Aarhus University,144
Nanjing University,145
Universiti Sains Malaysia (USM),146
Technische Universität Berlin (TU Berlin),147
Universiti Putra Malaysia (UPM),148
King Abdulaziz University (KAU),149
Indian Institute of Technology Delhi (IITD),150
University of Bath,151
Michigan State University,152
Nagoya University,153
Texas A&M University,154
University of Geneva,155
"University of North Carolina, Chapel Hill",156
Wageningen University & Research,157
Erasmus University Rotterdam ,158
Université de Montréal ,159
University of Groningen,160
University of Bern,161
Hanyang University,162
Al-Farabi Kazakh National University,163
Complutense University of Madrid,164
Universitat de Barcelona,165
University of Liverpool,166
Kyushu University,167
University of Wollongong,168
Ghent University,169
The University of Exeter,170
University of Cape Town,171
University of Reading,172
Hokkaido University,173
Curtin University,174
Universitat Autònoma de Barcelona,175
McMaster University,176
Washington University in St. Louis,177
"University of California, Santa Barbara (UCSB)",178
"The University of Newcastle, Australia (UON)",179
Universidad de los Andes,180
Universiti Teknologi Malaysia ,181
Waseda University,182
Hamad Bin Khalifa University,183
University of York,184
Tecnológico de Monterrey,185
Cardiff University,186
École Normale Supérieure de Lyon,187
Keio University,188
University of Ottawa,189
Technische Universität Wien,190
Universität Hamburg,191
Tongji University,192
Queen's University at Kingston,193
University of Gothenburg,194
Wuhan University,195
Emory University,196
Deakin University,197
Universidad Autónoma de Madrid,198
University of Calgary,199
Arizona State University,200
King Saud University,201
American University of Sharjah,202
Université catholique de Louvain (UCLouvain),203
University of Minnesota Twin Cities,204
Ecole des Ponts ParisTech,205
Queen's University Belfast,206
Universitas Indonesia,207
The Ohio State University,208
Tel Aviv University,209
National Tsing Hua University,210
Indian Institute of Science,211
Albert-Ludwigs-Universitaet Freiburg,212
Queensland University of Technology (QUT),213
University of Otago,214
National Cheng Kung University (NCKU),215
University of Florida,216
La Trobe University,217
"University of Maryland, College Park",218
National Yang Ming Chiao Tung University,219
Universidad Nacional de Colombia,220
Vrije Universiteit Amsterdam,221
Eberhard Karls Universität Tübingen,222
Indian Institute of Technology Kharagpur (IIT-KGP),223
Friedrich-Alexander-Universität Erlangen-Nürnberg,224
Loughborough University,225
University of Lausanne,226
Indian Institute of Technology Madras (IITM),227
Rheinische Friedrich-Wilhelms-Universität Bonn,228
Chulalongkorn University,229
Maastricht University ,230
Universite libre de Bruxelles,231
Universidade Estadual de Campinas (Unicamp),232
University of Twente,233
Technische Universität Dresden,234
University of Waikato,235
Università di Padova,236
University of Aberdeen,237
University of Rochester,238
Gadjah Mada University,239
Massey University,240
Politecnico di Torino,241
Technical University of Darmstadt,242
Dartmouth College,243
Victoria University of Wellington,244
University of Macau,245
Charles University,246
University of Sussex,247
Vanderbilt University,248
University of Navarra,249
American University of Beirut (AUB),250
Taylor's University,251
Harbin Institute of Technology,252
Hong Kong Baptist University,253
University of Göttingen,254
Griffith University,255
Bandung Institute of Technology (ITB),256
Heriot-Watt University,257
University of Warsaw ,258
Case Western Reserve University,259
University of Lisbon ,260
Canadian University Dubai,261
University of Canterbury | Te Whare Wananga o Waitaha,262
Indian Institute of Technology Kanpur (IITK),263
Norwegian University of Science And Technology,264
UCSI University,265
Universitat Pompeu Fabra (Barcelona),266
University of Antwerp,267
University of Witwatersrand,268
Tianjin University,269
Universiti Teknologi PETRONAS (UTP),270
Beijing Normal University ,271
Radboud University ,272
University College Cork,273
University of Galway,274
Dalhousie University,275
University of Massachusetts Amherst,276
University of Pittsburgh,277
University of Porto,278
Vrije Universiteit Brussel (VUB),279
Ulsan National Institute of Science and Technology (UNIST),280
The Hebrew University of Jerusalem,281
University of Strathclyde,282
Université Paris 1 Panthéon-Sorbonne ,283
Southern University of Science and Technology,284
Middle East Technical University,285
Universidad Carlos III de Madrid (UC3M),286
University of Cologne,287
University of Leicester,288
University of Milan,289
University of Surrey,290
Swinburne University of Technology,291
University of Bergen,292
The University of Arizona,293
University of Tasmania,294
Xi’an Jiaotong University,295
Stellenbosch University,296
University of Virginia,297
Bauman Moscow State Technical University,298
Swansea University,299
Huazhong University of Science and Technology,300
Georgetown University,301
Beijing Institute of Technology,302
Université Paris Cité,303
Linköping University,304
Universidade Federal do Rio de Janeiro,305
Aalborg University,306
"University of California, Irvine",307
Airlangga University,308
Goethe-University Frankfurt am Main,309
Universität Innsbruck,310
North Carolina State University,311
Jagiellonian University,312
University of Johannesburg,313
Universität Stuttgart,314
Quaid-i-Azam University,315
RUDN University,316
Shandong University,317
University of Notre Dame,318
Simon Fraser University,319
University of Colorado Boulder,320
L.N. Gumilyov Eurasian National University (ENU),321
National Technical University of Athens,322
Universidad Politécnica de Madrid (UPM),323
University of Miami,324
University of Southern Denmark (SDU),325
Daegu Gyeongbuk Institute of Science and Technology (DGIST),326
Istanbul Technical University,327
Kyung Hee University,328
Rutgers University–New Brunswick,329
University of Delhi,330
Sun Yat-sen University,331
Abu Dhabi University,332
University of East Anglia (UEA),333
Université Grenoble Alpes,334
Indian Institute of Technology Roorkee (IITR),335
Flinders University,336
Lappeenranta-Lahti University of Technology LUT,337
Sichuan University,338
University of the Philippines,339
University of Saskatchewan,340
University of South Australia,341
Brunel University London,342
Sharif University of Technology,343
Indian Institute of Technology Guwahati (IITG),344
Tufts University,345
University of Oulu,346
Tilburg University,347
University of Naples - Federico II,348
University of Victoria (UVic),349
Cairo University,350
Sciences Po ,351
"City, University of London",352
National University of Sciences And Technology (NUST) Islamabad,353
University of Pretoria,354
Indiana University Bloomington,355
University of Coimbra,356
University of Luxembourg,357
University of Tartu,358
Gwangju Institute of Science and Technology (GIST),359
Pontificia Universidad Católica del Perú,360
University of Aveiro,361
Sultan Qaboos University,362
Xiamen University,363
York University,364
Saint Petersburg State University,365
University of Illinois at Chicago (UIC),366
Westfälische Wilhelms-Universität Münster ,367
Mahidol University,368
University of Jordan,369
University of Tehran,370
George Washington University,371
Lincoln University ,372
Universitat Politècnica de Catalunya · BarcelonaTech (UPC),373
University of Turin,374
University of Florence,375
University of Turku,376
Nankai University,377
Pontificia Universidad Javeriana,378
University of Tsukuba,379
Technische Universität Bergakademie Freiberg,380
University of Kent,381
University of Pisa,382
Anna University,383
 Western Sydney University,384
South China University of Technology,385
Universiti Brunei Darussalam (UBD),386
Belarusian State University,387
Universidade Nova de Lisboa,388
Università Vita-Salute San Raffaele,389
University of Cyprus (UCY),390
Virginia Polytechnic Institute and State University,391
National Taiwan University of Science and Technology (Taiwan Tech),392
National and Kapodistrian University of Athens,393
"University of California, Santa Cruz",394
"University of Rome ""Tor Vergata""",395
Northeastern University,396
Ruhr-Universität Bochum,397
Sejong University ,398
Université de Liège,399
University of Southern Queensland ,400
Kazan (Volga region) Federal University,401
Koç University,402
Amirkabir University of Technology,403
University of Canberra ,404
Institut National des Sciences Appliquées de Lyon (INSA),405
Satbayev University,406
USI - Università della Svizzera italiana,407
"Birkbeck, University of London",408
Masaryk University,409
HSE University,410
The American University in Cairo,411
Auckland University of Technology (AUT),412
Graz University of Technology,413
Yeshiva University,414
Concordia University,415
Oxford Brookes University,416
Technion - Israel Institute of Technology,417
 University of Dundee,418
Bogaziçi University,419
Czech Technical University in Prague,420
Dublin City University,421
University of Limerick,422
Aston University,423
Université Laval,424
National Taipei University of Technology,425
IPB University (a.k.a. Bogor Agricultural University),426
Leibniz University Hannover,427
Julius-Maximilians-Universität Würzburg,428
Southeast University,429
University of Science and Technology Beijing,430
Central South University,431
Tomsk State University,432
University of Granada,433
Ajman University,434
IE University,435
Iran University of Science and Technology,436
Murdoch University,437
Universitat Politècnica de València,438
Vilnius University ,439
Singapore University of Technology and Design,440
Università degli Studi di Pavia,441
Colorado State University,442
Novosibirsk State University,443
Università Cattolica del Sacro Cuore,444
James Cook University,445
Justus-Liebig-University Giessen,446
Universitat de Valencia,447
Dalian University of Technology,448
Hunan University ,449
Université de Montpellier,450
University of Electronic Science and Technology of China,451
Beihang University (former BUAA),452
National Taiwan Normal University,453
University of Kansas,454
University of Stirling,455
Moscow Institute of Physics and Technology (MIPT / Moscow Phystech),456
Umea University,457
Université de Strasbourg,458
University of Guelph,459
"Stony Brook University, State University of New York",460
Universidad de Santiago de Chile (USACH),461
Tampere University,462
Universidad de Sevilla,463
Macau University of Science and Technology,464
Kobe University,465
Universität Konstanz,466
Universitat Ramon Llull,467
University at Buffalo SUNY,468
Washington State University,469
Iowa State University,470
Ben-Gurion University of The Negev,471
"Essex, University of",472
Johannes Kepler University Linz,473
Bangor University,474
Hiroshima University,475
Universität Potsdam,476
University of Sharjah,477
Bilkent University,478
Indian Institute of Technology Indore (IIT Indore),479
Royal Holloway University of London,480
Aix-Marseille University,481
Pontificia Universidad Católica Argentina,482
"The University of Tennessee, Knoxville",483
China Agricultural University ,484
American University of Ras Al Khaimah ( AURAK ),485
National Sun Yat-sen University,486
Universität Mannheim,487
University of Hawai?i at Manoa,488
Chongqing University,489
Chung-Ang University (CAU),490
Isfahan University of Technology,491
Shanghai University,492
UNESP,493
University of Jyväskylä,494
Central Queensland University (CQUniversity Australia),495
Duy Tan University,496
Jilin University,497
National Research Nuclear University MEPhI (Moscow Engineering Physics Institute),498
Universidad de Costa Rica,499
"University of California, Riverside",500
Khalifa University of Science and Technology,501
Colorado School of Mines,502
East China Normal University,503
Johannes Gutenberg Universität Mainz,504
University of Huddersfield,505
University of Delaware,506
University of Trento,507
Aristotle University of Thessaloniki,508
Shenzhen University,509
SOAS University of London ,510
Ewha Womans University,511
Zhengzhou University,512
Imam Abdulrahman Bin Faisal University (IAU) (formerly UNIVERSITY OF DAMMAM),513
Prince Mohammad Bin Fahd university,514
University of Milano-Bicocca ,515
Ateneo de Manila University,516
Edith Cowan University ,517
INTI International University,518
Kyungpook National University,519
Sabanci University,520
University of Hull,521
Ural Federal University - UrFU,522
Zayed University,523
Pusan National University,524
Universidad Austral,525
Universität Jena,526
Missouri University of Science and Technology,527
Universität Leipzig,528
University of Bayreuth,529
Warsaw University of Technology,530
Coventry University,531
Indian Institute of Technology (BHU) Varanasi,532
University of Bradford,533
University of Utah,534
Universidad Nacional de La Plata (UNLP),535
Lahore University of Management Sciences (LUMS),536
Northumbria University at Newcastle,537
University of Bordeaux,538
University of Eastern Finland,539
Applied Science University - Bahrain,540
Hitotsubashi University,541
Sunway University,542
Université de Fribourg,543
University of Salamanca,544
Universidad de Zaragoza,545
Universidad Pontificia Comillas,546
Northwestern Polytechnical University,547
Tashkent Institute of Irrigation and Agricultural Mechanization Engineers - National Research University (TIIAME-NRU),548
University of Genoa,549
University of Iceland,550
University of Windsor,551
United Arab Emirates University,552
University of Tabriz,553
Hasselt University ,554
Jordan University of Science & Technology,555
Universiti Utara Malaysia (UUM),556
University of Dhaka,557
University Ulm,558
Peter the Great St. Petersburg Polytechnic University,559
Ulster University,560
Umm Al-Qura University ,561
Université Claude Bernard Lyon 1,562
Universiti Teknologi Brunei,563
Eötvös Loránd University,564
Nanjing University of Science and Technology,565
University of Connecticut,566
Chiang Mai University,567
Lebanese University,568
MGIMO University,569
"University of Chemistry and Technology, Prague",570
University of Szeged,571
University of the Punjab,572
Florida State University,573
Florida International University,574
University of Debrecen,575
National Research Tomsk Polytechnic University,576
Sogang University,577
Southern Cross University ,578
Universidad Adolfo Ibáñez,579
Jawaharlal Nehru University,580
Jinan University (China),581
Management and Science University,582
Politecnico di Bari,583
Université Paul Sabatier Toulouse III,584
Institut Teknologi Sepuluh Nopember (ITS Surabaya),585
Singapore Management University,586
Bond University,587
Shoolini University of Biotechnology and Management Sciences,588
The University of Georgia,589
Universiti Teknologi MARA - UiTM,590
University of Kwazulu-Natal,591
Ain Shams University ,592
Nottingham Trent University,593
Universität Bremen,594
ITMO University,595
Thammasat University,596
Universitas Padjadjaran,597
University of Iowa,598
University of Ljubljana,599
University of Texas Dallas,600
Ca' Foscari University of Venice ,601
Illinois Institute of Technology,602
King Khalid University,603
"Kingston University, London",604
Manchester Metropolitan University (MMU),605
National Chengchi University,606
Paris Lodron University of Salzburg,607
Rensselaer Polytechnic Institute,608
Universität des Saarlandes,609
University of Crete,610
University of Hohenheim,611
University of South Carolina,612
American University of the Middle East,613
Asia Pacific University of Technology and Innovation (APU),614
Brno University of Technology,615
Christian-Albrechts-University zu Kiel,616
Eastern Mediterranean University,617
Pontifícia Universidade Católica do Rio de Janeiro,618
Taipei Medical University (TMU),619
University of Klagenfurt,620
University of Minho,621
Abo Akademi University,622
American University in Dubai,623
Auezov South Kazakhstan University (SKU),624
Charles Darwin University ,625
Istanbul University,626
Renmin (People's) University of China,627
Tallinn University of Technology (TalTech),628
Universidad de Alcalá,629
Universidad de Palermo (UP),630
University of South Florida,631
University of Tromsø The Arctic University of Norway,632
Al Ain University,633
Ajou University ,634
Boston College,635
Chang Gung University,636
China University of Petroleum,637
Far Eastern Federal University,638
Inha University,639
Savitribai Phule Pune University,640
Tulane University,641
Universidad de Concepción,642
University of Portsmouth,643
Beirut Arab University ,644
De La Salle University,645
East China University of Science and Technology,646
Hacettepe University ,647
Lehigh University,648
National Central University,649
Oregon State University,650
Ritsumeikan University,651
Soochow University,652
Symbiosis International (Deemed University),653
Universiti Tenaga Nasional (UNITEN),654
"University of Missouri, Columbia",655
University of the Basque Country,656
HUFS - Hankuk (Korea) University of Foreign Studies ,657
Palacký University Olomouc,658
Universidade de Santiago de Compostela,659
University of Houston,660
University of Zagreb,661
Aberystwyth University,662
City University of New York,663
Comenius University Bratislava,664
Free University of Bozen-Bolzano,665
International Islamic University Malaysia (IIUM),666
ISCTE - Instituto Universitario de Lisboa,667
Memorial University of Newfoundland,668
National Chung Hsing University,669
"Sofia University ""St. Kliment Ohridski""",670
Tokyo Medical and Dental University (TMDU),671
Universidad de la República (Udelar),672
University of Manitoba,673
University of Plymouth,674
Abai Kazakh National Pedagogical University,675
Bar-Ilan University,676
Karl-Franzens-Universitaet Graz,677
Kazakh National Agrarian University KazNAU,678
Martin-Luther-Universität Halle-Wittenberg,679
Universidade Federal de Minas Gerais      ,680
University of Haifa,681
China University of Mining and Technology,682
"Goldsmiths, University of London",683
Indian Institute of Technology Hyderabad,684
Jeonbuk National University,685
Prince Sultan University,686
Princess Nourah bint Abdulrahman University,687
Temple University,688
"University of Agriculture, Faisalabad ",689
University of New Brunswick,690
Chandigarh University,691
Norwegian University of Life Sciences (UMB),692
Pakistan Institute of Engineering and Applied Sciences (PIEAS),693
Shiraz University,694
Universidad Central de Venezuela,695
Universidad de La Habana,696
Universidad Panamericana (UP),697
Universidade Federal de São Paulo,698
Universidade Federal do Rio Grande Do Sul ,699
University of Brescia,700
University of Greenwich,701
University of Siena,702
Beijing University of Chemical Technology,703
Dongguk University ,704
Lebanese American University,705
National Institute of Technology Tiruchirappalli,706
Stevens Institute of Technology,707
Taras Shevchenko National University of Kyiv,708
University of Nebraska - Lincoln,709
University of Oklahoma,710
Ahlia University,711
American University,712
COMSATS University Islamabad,713
Czech University of Life Sciences in Prague,714
De Montfort University,715
"Lingnan University, Hong Kong",716
Nanjing Agricultural University,717
Plekhanov Russian University of Economics,718
Saint Joseph University of Beirut (USJ) ,719
The National University of Science and Technology MISIS,720
Ton Duc Thang University,721
Université de Franche-Comté,722
University of Mumbai,723
Brandeis University,724
Budapest University of Technology and Economics,725
Diponegoro University,726
Drexel University,727
Effat University,728
Jadavpur University,729
Konkuk University ,730
Lanzhou University,731
Middlesex University,732
Riga Technical University,733
Université de Lille,734
Université de Rennes 1 (University of Rennes),735
University of Modena and Reggio Emilia,736
University of Trieste,737
Universitat Rovira i Virgili,738
Université Côte d\'Azur,739
University of Belgrade,740
Altai State University,741
Carleton University,742
Universidad Católica Andres Bello,743
Universidad de Montevideo (UM),744
Universität Regensburg,745
Universiti Malaysia Pahang,746
University of Central Florida,747
University of the West of England,748
University of Westminster,749
V. N. Karazin Kharkiv National University,750
Victoria University ,751
Vytautas Magnus University,752
Wake Forest University,753
Instituto Tecnológico Autónomo de México (ITAM),754
Kaunas University of Technology,755
Technische Universität Braunschweig,756
Tokyo University of Science,757
Universidade de Brasília,758
Universita' Politecnica delle Marche,759
University of Calcutta,760
University of Engineering & Technology (UET) Lahore,761
University of Malta,762
University of Messina (UniME),763
"Adam Mickiewicz University, Poznan",764
Bangladesh University of Engineering and Technology,765
King Faisal University,766
Nanjing University of Aeronautics and Astronautics,767
University of Cincinnati,768
"University of Colorado, Denver ",769
University of Patras,770
Addis Ababa University,771
Bournemouth University,772
Chiba University,773
China University of Geosciences,774
Colegio de México,775
Holy Spirit University of Kaslik ,776
Universidad del Rosario,777
Université de Tunis El Manar,778
"University of Maryland, Baltimore County",779
University of Pecs,780
Verona University,781
Babes-Bolyai University,782
Kasetsart University,783
National University of Uzbekistan,784
Qassim University,785
Texas Tech University,786
The New School,787
Universidad de Belgrano,788
Universidade Federal de Santa Catarina ,789
University of Latvia,790
University of Mons ,791
Zürcher Hochschule Winterthur,792
Alfaisal University,793
Ivane Javakhishvili Tbilisi State University,794
Keele University ,795
New Jersey Institute of Technology (NJIT),796
Sechenov University,797
Universidad de Antioquia,798
University of Kentucky,799
University of New Mexico,800
Vellore Institute of Technology (VIT),801
Wayne State University,802
Al-Ahliyya Amman University,803
Alexandria University ,804
Ankara Üniversitesi,805
Asia University Taiwan,806
Beijing University of Technology,807
Belarusian National Technical University (BNTU),808
"Birla Institute of Technology and Science, Pilani",809
Edinburgh Napier University,810
Gdansk University of Technology,811
Huazhong Agricultural University,812
Immanuel Kant Baltic Federal University,813
Instituto Politécnico Nacional (IPN),814
Jouf University,815
Khoja Akhmet Yassawi International Kazakh-Turkish University,816
Kuwait University,817
Liverpool John Moores University,818
London South Bank University,819
Maynooth University,820
"National Technical University of Ukraine ""Igor Sikorsky Kyiv Polytechnic Institute""",821
Ocean University of China,822
Philipps-Universität Marburg ,823
Pontificia Universidad Católica de Valparaíso,824
Rutgers University–Newark,825
Syracuse University,826
The Catholic University of Korea ,827
Toronto Metropolitan University,828
TU Dortmund University,829
Universidad Anáhuac México,830
Universidad Iberoamericana IBERO,831
Universidad San Francisco de Quito (USFQ),832
Università degli Studi di Perugia,833
Universitas Brawijaya ,834
Universität Duisburg-Essen,835
Universität Rostock,836
Université de Lorraine,837
Universiti Tunku Abdul Rahman (UTAR),838
University of Alaska Fairbanks,839
University of Alicante,840
University of Baghdad,841
University of Bari,842
University of Brighton,843
University of Bucharest,844
University of Hyderabad,845
University of Oregon,846
University of Petroleum and Energy Studies (UPES),847
University of Salerno,848
University of Stavanger,849
University of Ulsan ,850
Wuhan University of Technology,851
AGH University of Science and Technology,852
Al-Quds University,853
Applied Science Private University - Jordan,854
Charles Sturt University ,855
Chonnam National University,856
Chungnam National University,857
Clarkson University,858
CY Cergy Paris University,859
Donghua University,860
Georgia State University,861
Gulf University for Science and Technology,862
Jamia Millia Islamia,863
Kansas State University ,864
Karaganda State Technical University,865
Kyrgyz Russian Slavic University,866
Mendel University in Brno,867
Nagasaki University,868
Northwest Agriculture and Forestry University,869
North-West University,870
Okayama University,871
Oklahoma State University ,872
Pavol Jozef Šafárik University in Košice,873
Poznan University of Life Sciences,874
Shahid Beheshti University (SBU),875
Swarthmore College,876
Technological University Dublin,877
Thapar Institute of Engineering & Technology,878
Tokyo University of Agriculture and Technology ,879
Universidad de Valladolid,880
Universidad ORT Uruguay,881
Universita' degli Studi di Ferrara,882
Université de Nantes,883
Université de Sherbrooke,884
Université du Québec,885
University at Albany SUNY,886
University Duesseldorf,887
University of Dubai,888
UNIVERSITY OF GDANSK,889
University of Ghana,890
University of Hertfordshire,891
University of Lincoln,892
University of Mississippi,893
University of Palermo,894
University of Santo Tomas,895
University of South Africa,896
University of Wroclaw,897
"Vietnam National University, Hanoi ",898
Vilnius Gediminas Technical University,899
Virginia Commonwealth University,900
Yildiz Technical University,901
Australian Catholic University,902
Beijing Jiaotong University,903
Beijing University of Posts and Telecommunications,904
Catania University,905
Future University in Egypt,906
Gazi Üniversitesi,907
Georgian Technical University,908
German Jordanian University,909
Imam Mohammad Ibn Saud Islamic University – IMSIU,910
Kanazawa University,911
Karaganda Buketov University,912
Kyrgyz-Turkish Manas University,913
Louisiana State University,914
Makerere University,915
"Manipal Academy of Higher Education, Manipal, Karnataka, India",916
Michigan Technological University,917
National Research Saratov State University,918
Nicolaus Copernicus University ,919
North South University,920
Osaka Metropolitan University,921
Princess Sumaya University for Technology,922
Ritsumeikan Asia Pacific University,923
Robert Gordon University,924
South Ural State University (National Research University),925
Universidad Católica del Uruguay (UCU),926
"Universidad Central ""Marta Abreu"" de Las Villas",927
Universidad EAFIT,928
Universidad Externado de Colombia ,929
Universidad Nacional de Córdoba - UNC,930
Universidad Nacional Mayor de San Marcos,931
Universidad Pontificia Bolivariana ,932
Universidade Católica Portuguesa - UCP,933
Universidade de Vigo,934
Università degli Studi della Tuscia (University of Tuscia),935
Università degli studi Roma Tre,936
"University of Alabama, Birmingham",937
University of Calabria,938
University of East London,939
University of Hail,940
University of Lodz,941
University of Maribor,942
University of Murcia,943
University of Nairobi,944
University of Peshawar,945
University of Salford,946
University Paris 2 Panthéon-Assas,947
Viet Nam National University Ho Chi Minh City (VNU-HCM),948
Worcester Polytechnic Institute,949
Wroclaw University of Science and Technology (WRUST),950
Yerevan State University,951
Yokohama City University,952
Almaty Technological University,953
Athens University of Economics and Business,954
Auburn University,955
Baku State University,956
Bina Nusantara University (BINUS),957
Clark University,958
Clemson University,959
D. Serikbayev East Kazakhstan state technical university,960
Ferdowsi University of Mashhad,961
Financial University under the Government of the Russian Federation,962
Hallym University ,963
Indian Institute of Technology Bhubaneswar,964
Instituto Tecnológico de Buenos Aires (ITBA),965
Khon Kaen University,966
King Mongkut's University of Technology Thonburi ,967
Kumamoto University,968
Mansoura University,969
Niigata University,970
Northern Borders University,971
Pontificia Universidad Católica del Ecuador (PUCE),972
Prince of Songkla University,973
"Queen Margaret University , Edinburgh",974
Rhodes University ,975
Riga Stradins University,976
S.D. Asfendiyarov Kazakh National Medical University,977
Saveetha Institute of Medical and Technical Sciences (deemed to be university),978
Sophia University ,979
Southern Federal University,980
St. Louis University,981
The University of Alabama,982
The University of Lahore,983
Universidad Autónoma Metropolitana (UAM),984
Universidad de Córdoba - España,985
Universidad de La Sabana,986
Universidad de León,987
Universidad de los Andes - Chile,988
Universidad de San Andrés - UdeSA,989
Universidad Nacional de Rosario (UNR),990
Universidad Técnica Federico Santa María (USM),991
Universidad Torcuato Di Tella,992
Université Sorbonne Paris Nord,993
Université Toulouse 1 Capitole,994
Universiti Pendidikan Sultan Idris (UPSI),995
University of Bahrain,996
University of Central Lancashire,997
University of Colombo,998
University of Denver,999
University of Parma,1000
University of Regina,1001
University of South Bohemia,1002
University of the Western Cape,1003
Yarmouk University,1004
Yeungnam University ,1005
Al-Azhar University,1006
Aligarh Muslim University,1007
Amity University,1008
Amrita Vishwa Vidyapeetham,1009
An-Najah National University,1010
"Arab Academy for Science, Technology and Maritime Transport",1011
Assiut University ,1012
Azerbaijan State Oil and Industry University,1013
Azerbaijan State University of Economics,1014
Banaras Hindu University,1015
Baylor University,1016
Bielefeld University,1017
Binghamton University SUNY,1018
Birmingham City University ,1019
BRAC University,1020
Brigham Young University,1021
Canterbury Christ Church University,1022
Chang Jung Christian University,1023
Chung Yuan Christian University,1024
Chungbuk National University,1025
College of William and Mary,1026
Corvinus University of Budapest,1027
Cracow University of Technology (Politechnika Krakowska),1028
Dankook University ,1029
EGE UNIVERSITY,1030
Escuela Superior Politécnica del Litoral (ESPOL),1031
Fordham University ,1032
Gebze Technical University (GTU),1033
George Mason University,1034
Gifu University,1035
Glasgow Caledonian University,1036
Gunma University,1037
Guru Gobind Singh Indraprastha University,1038
Harbin Engineering University,1039
Hohai University,1040
Howard University,1041
Hungarian University of Agriculture and Life Sciences,1042
Indiana University–Purdue University Indianapolis,1043
International Christian University,1044
International Islamic University Islamabad (IIU),1045
Islamic University of Madinah,1046
"ITESO, Universidad Jesuita de Guadalajara",1047
Jiangnan University,1048
Kagoshima University,1049
Kangwon National University ,1050
Kazakh-British Technical University,1051
Kent State University,1052
Kyushu Institute of Technology ,1053
Leeds Beckett University,1054
Lobachevsky University,1055
Lodz University of Technology,1056
London Metropolitan University,1057
Loyola University Chicago,1058
Lviv Polytechnic National University,1059
Marmara University,1060
Mississippi State University,1061
Multimedia University (MMU),1062
Mustansiriyah University,1063
Mutah University,1064
Mykolas Romeris University,1065
Nanjing Normal University,1066
Narxoz University,1067
National Chung Cheng University,1068
"National Technical University ""Kharkiv Polytechnic Institute""",1069
National University of Kyiv-Mohyla Academy (NaUKMA),1070
NJSC KIMEP University,1071
Northern Arizona University,1072
Northwest University (China),1073
O.P. Jindal Global University,1074
Ohio University,1075
Panjab University,1076
Paul Valéry University Montpellier,1077
Pontifícia Universidade Católica de São Paulo,1078
Poznan University of Technology,1079
Rochester Institute of Technology (RIT),1080
Russian Presidential Academy of National Economy and Public Administration,1081
Saint Petersburg Electrotechnical University ETU-LETI,1082
Saint-Petersburg Mining University,1083
Samara National Research University (Samara University),1084
San Diego State University,1085
Sheffield Hallam University,1086
Shinshu University ,1087
"Siberian Federal University, SibFU",1088
Silesian University of Technology,1089
Slovak University of Agriculture in Nitra,1090
Slovak University of Technology in Bratislava,1091
Sohar University,1092
Soonchunhyang University,1093
Southern Methodist University,1094
Southwest University,1095
SRM INSTITUTE OF SCIENCE AND TECHNOLOGY,1096
Sumy State University,1097
Sungshin Women's University,1098
Széchenyi István University,1099
Taibah University,1100
Tallinn University ,1101
Technical University of Kosice,1102
Tecnológico de Costa Rica -TEC,1103
Telkom University,1104
The Hashemite University,1105
The University of Northampton,1106
The University of Texas at Arlington,1107
Tokushima University,1108
Tokyo Metropolitan University,1109
Universidad Andrés Bello,1110
Universidad Austral de Chile,1111
Universidad Autónoma Chapingo,1112
Universidad Autónoma de Nuevo León,1113
Universidad Autónoma del Estado de México (UAEMex),1114
Universidad de Castilla-La Mancha,1115
Universidad de Guadalajara (UDG),1116
Universidad de La Frontera (UFRO),1117
Universidad de las Américas Puebla (UDLAP),1118
Universidad de Lima,1119
Universidad de Los Andes - (ULA) Mérida,1120
Universidad de Oviedo,1121
Universidad de Puerto Rico,1122
Universidad de Talca,1123
Universidad del Norte ,1124
Universidad del Pacífico,1125
Universidad del Valle,1126
Universidad Diego Portales (UDP),1127
Universidad ICESI,1128
Universidad Nacional de Cuyo,1129
Universidad Nacional de la Asunción,1130
Universidad Nacional de San Luis,1131
Universidad Nacional del Centro de la Provincia de Buenos Aires (UNICEN),1132
Universidad Peruana Cayetano Heredia (UPCH),1133
Universidad Rey Juan Carlos,1134
Universidad Simón Bolívar (USB),1135
Universidad Tecnológica de Panamá (UTP),1136
Universidad Tecnológica Nacional (UTN),1137
Universidade da Coruña ,1138
Universidade Federal de Pernambuco (UFPE) ,1139
Universidade Federal de São Carlos (UFSCar),1140
Universidade Federal do Paraná - UFPR,1141
Universidade Federal Fluminense ,1142
"Universita' degli Studi ""G. d'Annunzio"" Chieti Pescara",1143
Università degli Studi di Udine,1144
Università del Salento,1145
Universitas Hasanuddin,1146
Universitas Sebelas Maret,1147
Universitat de Lleida,1148
Universität Siegen,1149
Université de Caen Normandie,1150
Université de Poitiers,1151
Université de Sfax,1152
Université de Sousse,1153
Université de Toulouse II-Le Mirail,1154
Université de Tunis,1155
Université Lumière Lyon 2,1156
Université Mohammed V de Rabat,1157
Université Paris-Nanterre,1158
Universiti Malaysia Sabah (UMS),1159
Universiti Malaysia Sarawak (UNIMAS),1160
Universiti Malaysia Terengganu (UMT),1161
Universiti Tun Hussein Onn University of Malaysia (UTHM),1162
University of Arkansas Fayetteville ,1163
University of Derby,1164
University of Deusto,1165
University of Hradec Kralove,1166
University of Ibadan,1167
University of Idaho,1168
University of Ioannina,1169
University of Karachi,1170
University of Khartoum,1171
University of Lagos,1172
University of Louisville,1173
University of Massachusetts Boston,1174
"University of Missouri, Kansas City",1175
University of Naples Parthenope,1176
University of New England Australia,1177
University of New Hampshire,1178
University of North Carolina at Charlotte,1179
University of North Texas,1180
University of Novi Sad,1181
University of Rhode Island ,1182
University of Sarajevo ,1183
University of Seoul ,1184
University of Tabuk,1185
University of Texas at San Antonio,1186
University of Texas El Paso ,1187
University of the Free State,1188
University of the Sunshine Coast ,1189
University of Toledo,1190
University of Tulsa,1191
University of Vermont,1192
University of Warmia and Mazury in Olsztyn,1193
University of Wolverhampton,1194
University of Wyoming,1195
University of Žilina,1196
Utah State University ,1197
VSB - Technical University of Ostrava,1198
Warsaw University of Life Sciences – SGGW (WULS-SGGW),1199
West Virginia University,1200
Xi'an Jiaotong Liverpool University,1201
Yokohama National University,1202
Al-Balqa Applied University,1203
Alexandru Ioan Cuza University,1204
Anadolu University,1205
Aoyama Gakuin University,1206
Ataturk University,1207
Atma Jaya Catholic University Jakarta,1208
Bahauddin Zakariya University ,1209
Beijing Foreign Studies University,1210
Beijing University of Chinese Medicine,1211
Belarusian State University of Informatics and Radioelectronics,1212
Benemérita Universidad Autónoma de Puebla,1213
Birzeit university,1214
British University in Egypt,1215
Brock University,1216
Central Michigan University,1217
Chaoyang University of Technology,1218
China University of Political Science and Law,1219
Chitkara University,1220
Chittagong University of Engineering and Technology,1221
Cleveland State University,1222
Cukurova University,1223
CUNY The City College of New York,1224
Daffodil International University,1225
Damascus University,1226
Dokuz Eylül Üniversitesi,1227
Doshisha University,1228
Erciyes Üniversitesi,1229
Escuela Politécnica Nacional,1230
Feng Chia University,1231
Florida Atlantic University - Boca Raton,1232
Fu Jen Catholic University,1233
Fundación CEU San Pablo,1234
German University in Cairo,1235
Hanoi University of Science and Technology,1236
Harper Adams University,1237
Helwan University ,1238
Hongik University ,1239
Hue University,1240
Instituto Tecnológico de Santo Domingo (INTEC),1241
Istanbul Aydin University  ,1242
Istanbul Bilgi Üniversitesi,1243
Ivan Franko National University of Lviv,1244
Izmir Institute of Technology (IZTECH),1245
Jahangirnagar University,1246
Jamia Hamdard,1247
Jeju National University ,1248
Kazakh Ablai Khan University of International Relations and World Languages,1249
Kazan National Research Technological University,1250
Kenyatta University,1251
Kharkiv National University of Radio Electronics ,1252
Khulna University,1253
Khulna University of Engineering and Technology,1254
Kindai University (Kinki University),1255
King Mongkut\'s Institute of Technology Ladkrabang,1256
King Mongkut's University of Technology North Bangkok,1257
Kookmin University ,1258
Kwame Nkrumah University of Science and Technology,1259
Kyoto Institute of Technology,1260
Kyrgyz State Technical University,1261
Marquette University,1262
Meiji University,1263
Mendeleev University of Chemical Technology,1264
Miami University,1265
Moscow Pedagogical State University,1266
Nagoya Institute of Technology (NIT),1267
National Dong Hwa University,1268
National Research University Moscow Power Engineering Institute (MPEI),1269
National Taipei University,1270
National Taiwan Ocean University,1271
Novosibirsk State Technical University,1272
Óbuda University,1273
Odessa I.I. Mechnikov National University,1274
OSMANIA UNIVERSITY,1275
Perm State National Research University,1276
Pondicherry University,1277
Pontificia Universidad Catolica Madre y Maestra,1278
Pontifícia Universidade Católica do Rio Grande do Sul (PUCRS),1279
Portland State University,1280
Pukyong National University ,1281
Rajshahi University,1282
Rikkyo University,1283
Saitama University,1284
Saken Seifullin Kazakh Agrotechnical University,1285
San Francisco State University,1286
Sathyabama Institute of Science and Technology (deemed to be university),1287
Seattle University,1288
Seoul National University of Science and Technology,1289
Shahjalal University of Science and Technology,1290
Shanghai International Studies University,1291
Shanghai University of Finance and Economics,1292
Siksha 'O' Anusandhan (Deemed to be University),1293
Sookmyung Women's University ,1294
Suez Canal University,1295
Suleyman Demirel University,1296
"Suleyman Demirel University, Kazakhstan",1297
Suranaree University of Technology ,1298
Tamkang University,1299
Tanta University ,1300
Technical University of Cluj-Napoca,1301
Technical University of Liberec,1302
Technical University of Lublin,1303
Technische Universität Kaiserslautern,1304
"The ""Gheorghe Asachi"" Technical University of Iasi",1305
The Herzen State Pedagogical University of Russia,1306
The Josip Juraj Strossmayer University of Osijek,1307
"The National Research University ""Belgorod State University""",1308
Tokai University,1309
Tomas Bata University in Zlin,1310
Toraighyrov University,1311
Transilvania University of Brasov,1312
Tunghai University,1313
Universidad Autónoma de Guadalajara (UAG),1314
Universidad Autónoma del Estado de Hidalgo (UAEH),1315
Universidad Católica del Norte,1316
Universidad Central del Ecuador,1317
Universidad de Las Américas (UDLA) Ecuador,1318
Universidad de Monterrey (UDEM),1319
Universidad de Oriente Santiago de Cuba,1320
Universidad de Panama,1321
Universidad de Piura,1322
Universidad de San Carlos de Guatemala - USAC,1323
Universidad de Tarapaca,1324
Universidad de Valparaíso (UV),1325
Universidad del Bío-Bío,1326
Universidad del Desarrollo (UDD),1327
Universidad del Salvador,1328
Universidad del Zulia,1329
Universidad Industrial de Santander - UIS,1330
Universidad La Salle (ULSA),1331
Universidad Latinoamericana de Ciencia y Tecnología Costa Rica (ULACIT),1332
Universidad Mayor de San Andrés (UMSA),1333
Universidad Metropolitana,1334
Universidad Nacional Agraria la Molina,1335
Universidad Nacional Autónoma de Honduras (UNAH),1336
Universidad Nacional de Ingeniería Peru,1337
Universidad Nacional de Mar del Plata,1338
Universidad Nacional de Río Cuarto - UNRC,1339
Universidad Nacional de San Martín (UNSAM),1340
Universidad Nacional del Litoral,1341
Universidad Nacional del Sur,1342
"Universidad Nacional, Costa Rica",1343
Universidad Peruana de Ciencias Aplicadas,1344
Universidade do Estado do Rio de Janeiro (UERJ),1345
Universidade Federal da Bahia,1346
Universidade Federal de Juiz de Fora- (UFJF),1347
Universidade Federal de Pelotas ,1348
Universidade Federal de Santa Maria,1349
Universidade Federal de Viçosa (UFV),1350
Universidade Federal do Ceará (UFC),1351
Universidade Federal do Rio Grande Do Norte,1352
Universidade Presbiteriana Mackenzie,1353
Università degli studi di Bergamo,1354
Universitas Islam Indonesia,1355
Universitas Muhammadiyah Yogyakarta,1356
Universitas Pendidikan Indonesia,1357
Universitas Sumatera Utara,1358
Universitatea de Vest din Timisoara / West University of Timisoara,1359
Université de Limoges,1360
Université Jean Moulin Lyon 3,1361
Universiti Kuala Lumpur (UniKL),1362
Universiti Malaysia Perlis,1363
Universiti Teknikal Malaysia Melaka,1364
University of Babylon,1365
University of Basrah,1366
University of Bialystok,1367
University of International Business and Economics,1368
University of Kragujevac,1369
University of Kufa,1370
University of Memphis,1371
University of Miskolc ,1372
University of Missouri Saint Louis,1373
University of Niš,1374
University of North Carolina at Greensboro,1375
University of Ostrava,1376
University of Pannonia,1377
University of Pardubice,1378
University of Peradeniya ,1379
University of Primorska,1380
University of Rijeka,1381
University of Rzeszów,1382
University of San Diego,1383
University of San Francisco,1384
University of Silesia in Katowice,1385
University of South Alabama (USA),1386
University of Split,1387
University of Sri Jayewardenepura,1388
University of the Pacific,1389
University of Tyumen,1390
University of West Bohemia ,1391
University of Wisconsin Milwaukee ,1392
University POLITEHNICA of Bucharest,1393
Vancouver Island University,1394
Voronezh State University,1395
Western Michigan University,1396
Yamaguchi University ,1397
Yogyakarta State University,1398
Youngsan University,1399
Yuan Ze University,1400
Zagazig University,1401
 Don State Technical University,1402
Akdeniz Üniversitesi,1403
California Polytechnic State University,1404
California State University - Los Angeles,1405
"California State University, Long Beach",1406
Católica de Córdoba,1407
East West University,1408
Fundación Universidad De Bogotá-Jorge Tadeo Lozano,1409
Humboldt State University,1410
Illinois State University,1411
"Indian Institute of Information Technology, Allahabad",1412
Indiana State University,1413
International University of Business Agriculture and Technology,1414
Irkutsk State University,1415
Korkyt Ata Kyzylorda University,1416
Kwansei Gakuin University,1417
Lucian Blaga University of Sibiu,1418
M.Kh. Dulaty Taraz Regional University,1419
MIREA - Russian Technological University,1420
Moscow City University,1421
Naresuan University,1422
National University of Life and Environmental Sciences of Ukraine,1423
"National University of Modern Languages (NUML), Islamabad",1424
Nova Southeastern University,1425
Pontifícia Universidade Católica de Minas Gerais – PUC Minas,1426
Pontificia Universidade Católica do Campinas - PUC Campinas,1427
Pontifícia Universidade Católica do Paraná,1428
Russian State Agrarian University - Moscow Timiryazev Agricultural Academy,1429
Russian State University for the Humanities ,1430
Sakarya University,1431
Shanghai Normal University,1432
Shibaura Institute of Technology,1433
Silpakorn University,1434
Soochow University (Taiwan),1435
Soongsil University,1436
Stamford University Bangladesh,1437
State University of Malang,1438
Stefan cel Mare University of Suceava,1439
"The University of Notre Dame, Australia",1440
Udayana University,1441
United International University,1442
Universidad Alberto Hurtado,1443
Universidad Autónoma de Aguascalientes,1444
Universidad Autónoma de Baja California,1445
Universidad Autónoma de Chile,1446
Universidad Autónoma de Querétaro (UAQ),1447
Universidad Autónoma de San Luis de Potosí,1448
Universidad Autonoma de Yucatan,1449
Universidad Autónoma del Estado de Morelos (UAEM),1450
Universidad Bernardo O'Higgins,1451
"Universidad Católica Boliviana ""San Pablo""",1452
Universidad Católica de Colombia ,1453
Universidad Católica de La Santísima Concepción - UCSC,1454
Universidad Católica de Santiago de Guayaquil,1455
Universidad Católica de Temuco,1456
Universidad Central de Chile,1457
Universidad de Caldas,1458
Universidad de Carabobo,1459
Universidad de Cartagena,1460
Universidad de Córdoba - Colombia,1461
Universidad de Cuenca,1462
Universidad de Guanajuato,1463
Universidad de La Salle,1464
Universidad de La Serena,1465
Universidad de las Fuerzas Armadas ESPE (Ex - Escuela Politécnica del Ejército),1466
Universidad de Medellín,1467
Universidad de Santander - UDES,1468
Universidad de Sonora,1469
Universidad del Cauca,1470
Universidad del Valle de Mexico (UVM),1471
Universidad Michoacana de San Nicolás de Hidalgo,1472
Universidad Nacional de Quilmes,1473
Universidad Nacional de Tucumán,1474
Universidad Nacional del Comahue,1475
UNIVERSIDAD POLITECNICA SALESIANA,1476
Universidad Popular Autónoma del Estado de Puebla (UPAEP),1477
Universidad San Ignacio de Loyola,1478
Universidad Tecnica Particular De Loja (UTPL),1479
Universidad Tecnológica de Bolívar,1480
"Universidad Tecnológica de la Habana José Antonio Echeverría, Cujae",1481
Universidad Tecnológica de Pereira,1482
Universidad Veracruzana,1483
Universidade do Estado de Santa Catarina,1484
Universidade Estadual de Londrina,1485
Universidade Federal da Paraíba,1486
Universidade Federal de Goiás,1487
Universidade Federal de Uberlândia,1488
Universidade Federal do Estado do Rio de Janeiro - UNIRIO,1489
Universidade Federal do Parà - UFPA,1490
Universitas Andalas,1491
Universitas Kristen Petra,1492
Universitas Muhammadiyah Surakarta,1493
Universiti Sains Islam Malaysia,1494
University of Central Oklahoma,1495
University of Craiova,1496
University of Lampung,1497
University of Mataram,1498
University of Montana Missoula ,1499
University of Oradea,1500
University of San Carlos,1501
"University Politehnica of Timisoara, UPT",1502
Western Washington University,1503
